file,faces,mean_luma,p10,p95,mean_saturation,face_luma,face_saturation,exposure_ev,shadow_lift,highlight_comp,background_saturation,face_gain,diagnosis
aleksandr-gasnikov.jpg,1,0.1956,0.0364,0.4468,0.3578,0.2133,0.4982,0.38,0.045,0.0,0.82,1.1,DEEP_SHADOWS;FACE_DARK
aleksandr-gorban.jpg,1,0.612,0.1396,0.991,0.2377,0.6249,0.3564,-0.186,0.0,0.144,0.94,1.0,HIGHLIGHT_HEAVY
aleksandr-korotin.jpg,1,0.5524,0.1725,0.975,0.2651,0.5424,0.3883,-0.124,0.0,0.127,0.88,1.0,HIGHLIGHT_HEAVY
aleksandr-kraynov.jpg,1,0.3599,0.06,0.7963,0.2168,0.5408,0.2703,0.135,0.029,0.0,0.94,1.0,DEEP_SHADOWS
aleksandr-kvashnin.jpg,3,0.4224,0.139,0.8457,0.3198,0.4568,0.3401,0.038,0.0,0.0,0.88,1.0,MINIMAL_CORRECTION
aleksandr-peremyatov.jpg,1,0.6265,0.1269,0.9916,0.1518,0.6933,0.1865,-0.201,0.0,0.145,0.94,0.955,HIGHLIGHT_HEAVY;FACE_BRIGHT
aleksandr-tormasov.jpg,2,0.5966,0.3788,0.9093,0.2301,0.6181,0.2856,-0.171,0.0,0.054,0.94,1.0,HIGHLIGHT_HEAVY
aleksey-nikitin.jpg,1,0.4719,0.0927,0.9401,0.2771,0.4363,0.3818,-0.029,0.008,0.088,0.88,1.055,HIGHLIGHT_HEAVY
aleksey-savvateev.jpg,0,0.4578,0.1141,0.9784,0.2956,0.5535,0.2946,-0.01,0.0,0.13,0.88,1.0,HIGHLIGHT_HEAVY;PROFILE_OR_NO_FACE_FALLBACK
andrey-grabovoy.jpg,1,0.508,0.1129,0.9244,0.1974,0.5262,0.3292,-0.073,0.0,0.071,0.94,1.0,HIGHLIGHT_HEAVY
andrey-kuznetsov.jpg,0,0.4793,0.0995,0.8466,0.225,0.547,0.2662,-0.038,0.004,0.0,0.94,1.0,PROFILE_OR_NO_FACE_FALLBACK
andrey-zima.jpg,1,0.4751,0.1301,0.8883,0.222,0.3623,0.359,-0.033,0.0,0.031,0.94,1.1,FACE_DARK
ararat-tulynin.jpg,1,0.1615,0.0398,0.4624,0.2721,0.2819,0.3214,0.38,0.042,0.0,0.88,1.1,DEEP_SHADOWS;FACE_DARK
arman-kostanyan.jpg,1,0.309,0.0457,0.6972,0.274,0.3709,0.3223,0.228,0.039,0.0,0.88,1.1,DEEP_SHADOWS;FACE_DARK
armen-beklaryan.jpg,1,0.4433,0.137,0.7919,0.1836,0.5223,0.2288,0.009,0.0,0.0,0.94,1.0,MINIMAL_CORRECTION
artem-oganov.jpg,2,0.558,0.2157,0.9765,0.2632,0.5318,0.3538,-0.13,0.0,0.128,0.88,1.0,HIGHLIGHT_HEAVY
dmitriy-schegolev.jpg,1,0.471,0.1874,0.8906,0.2926,0.4535,0.3679,-0.028,0.0,0.034,0.88,1.0,MINIMAL_CORRECTION
eduard-fartushnyy.jpg,2,0.5084,0.1543,0.8603,0.2078,0.5621,0.2522,-0.074,0.0,0.0,0.94,1.0,MINIMAL_CORRECTION
eduard-sheremettsev.jpg,1,0.3977,0.0906,0.8409,0.3115,0.486,0.3233,0.075,0.009,0.0,0.88,1.0,MINIMAL_CORRECTION
egor-bologov.jpg,1,0.4571,0.0328,0.9001,0.3661,0.527,0.3762,-0.009,0.047,0.044,0.82,1.0,HIGHLIGHT_HEAVY;DEEP_SHADOWS
ekaterina-solntseva.jpg,1,0.5652,0.1943,0.8648,0.2355,0.4963,0.3287,-0.138,0.0,0.005,0.94,1.0,MINIMAL_CORRECTION
elena-aleksandrova.jpg,3,0.5904,0.1869,0.9467,0.1844,0.4896,0.3151,-0.165,0.0,0.095,0.94,1.0,HIGHLIGHT_HEAVY
evgeniy-bobrov.jpg,1,0.3779,0.0579,0.8815,0.2683,0.478,0.3871,0.106,0.031,0.024,0.88,1.0,DEEP_SHADOWS
evgeniy-danilov.jpg,1,0.2845,0.0603,0.6618,0.2242,0.3506,0.3241,0.315,0.029,0.0,0.94,1.1,DEEP_SHADOWS;FACE_DARK
filipp-kopylov.jpg,0,0.4017,0.0235,0.8924,0.2272,0.2738,0.4055,0.139,0.053,0.036,0.94,1.1,DEEP_SHADOWS;FACE_DARK;PROFILE_OR_NO_FACE_FALLBACK
georgiy-schelkanov.jpg,2,0.5176,0.1185,0.8912,0.2142,0.5875,0.2877,-0.085,0.0,0.034,0.94,1.0,MINIMAL_CORRECTION
gulnara-bikkulova.jpg,1,0.5274,0.2583,0.8241,0.3093,0.4524,0.3979,-0.096,0.0,0.0,0.88,1.0,MINIMAL_CORRECTION
igor-petrov.jpg,1,0.4925,0.0986,0.9719,0.1958,0.6696,0.2142,-0.055,0.004,0.123,0.94,0.955,HIGHLIGHT_HEAVY
iskander-bariev.jpg,2,0.4785,0.0527,0.9024,0.2708,0.5788,0.2948,-0.037,0.034,0.047,0.88,1.0,HIGHLIGHT_HEAVY;DEEP_SHADOWS
konstantin-mihaylik.jpg,0,0.5408,0.1406,0.9435,0.351,0.5502,0.4156,-0.111,0.0,0.092,0.82,1.0,HIGHLIGHT_HEAVY;PROFILE_OR_NO_FACE_FALLBACK
kristina-zhukova.jpg,2,0.5983,0.3619,0.8034,0.1496,0.5521,0.2453,-0.173,0.0,0.0,0.94,1.0,MINIMAL_CORRECTION
kseniya-prohorenko.jpg,1,0.3957,0.0624,0.6965,0.2569,0.3836,0.3613,0.078,0.028,0.0,0.88,1.055,DEEP_SHADOWS;FACE_DARK
kuznetsov-gornov-nikolenko.jpg,2,0.5772,0.1983,0.9932,0.179,0.6914,0.2488,-0.151,0.0,0.147,0.94,0.955,HIGHLIGHT_HEAVY;FACE_BRIGHT
leonid-shabalin.jpg,2,0.3066,0.0372,0.7926,0.1814,0.3413,0.3073,0.274,0.044,0.0,0.94,1.1,DEEP_SHADOWS;FACE_DARK
maksim-chugunov.jpg,2,0.3706,0.0386,0.9209,0.322,0.5193,0.3727,0.118,0.043,0.067,0.82,1.0,HIGHLIGHT_HEAVY;DEEP_SHADOWS
mark-ivanov.jpg,1,0.4149,0.0689,0.8121,0.3075,0.4015,0.3444,0.049,0.023,0.0,0.88,1.055,DEEP_SHADOWS
mihail-krivopal.jpg,1,0.5688,0.1187,0.9674,0.2198,0.4644,0.3802,-0.142,0.0,0.118,0.94,1.0,HIGHLIGHT_HEAVY
nikolay-andreev.jpg,1,0.5504,0.1654,0.9864,0.2586,0.4533,0.3303,-0.122,0.0,0.139,0.88,1.0,HIGHLIGHT_HEAVY
nikolay-hohlov.jpg,1,0.6237,0.3417,0.8778,0.2896,0.5188,0.4639,-0.198,0.0,0.02,0.88,1.0,MINIMAL_CORRECTION
nikolay-smirnov.jpg,1,0.3636,0.0689,0.7905,0.3068,0.442,0.4132,0.129,0.023,0.0,0.88,1.0,DEEP_SHADOWS
olga-petrova.jpg,3,0.1843,0.0255,0.4842,0.2834,0.1871,0.389,0.38,0.052,0.0,0.88,1.1,DEEP_SHADOWS;FACE_DARK
oybek-partov.jpg,1,0.3632,0.1006,0.7265,0.2445,0.4122,0.3001,0.13,0.003,0.0,0.88,1.055,MINIMAL_CORRECTION
rifkat-minnihanov.jpg,2,0.583,0.2039,0.9731,0.1494,0.607,0.2497,-0.157,0.0,0.124,0.94,1.0,HIGHLIGHT_HEAVY
roland-hildebrand.jpg,2,0.5048,0.1173,0.8927,0.2006,0.5943,0.2564,-0.07,0.0,0.036,0.94,1.0,MINIMAL_CORRECTION
ruslan-shagaleev.jpg,1,0.5447,0.1969,0.9867,0.2927,0.5518,0.3683,-0.116,0.0,0.139,0.88,1.0,HIGHLIGHT_HEAVY
rustam-aynetdinov.jpg,3,0.2936,0.0333,0.7658,0.2873,0.4008,0.3533,0.259,0.047,0.0,0.88,1.055,DEEP_SHADOWS
sergey-ezhov.jpg,1,0.3226,0.0944,0.7599,0.2784,0.3735,0.4204,0.202,0.007,0.0,0.88,1.1,FACE_DARK
svetlana-krasnochub.jpg,2,0.2364,0.0512,0.6193,0.2258,0.3525,0.3435,0.377,0.035,0.0,0.94,1.1,DEEP_SHADOWS;FACE_DARK
tatyana-yusupova.jpg,2,0.4684,0.0569,0.9916,0.1908,0.484,0.2978,-0.024,0.031,0.145,0.94,1.0,HIGHLIGHT_HEAVY;DEEP_SHADOWS
valentin-malyh.jpg,1,0.4968,0.2436,0.8497,0.2729,0.504,0.3491,-0.06,0.0,0.0,0.88,1.0,MINIMAL_CORRECTION
vasiliy-golubev.jpg,4,0.3421,0.0715,0.7601,0.3116,0.4769,0.3245,0.166,0.022,0.0,0.88,1.0,MINIMAL_CORRECTION
vitaliy-arbuzov.jpg,1,0.3009,0.014,0.9242,0.3372,0.3624,0.5355,0.244,0.059,0.071,0.82,1.1,HIGHLIGHT_HEAVY;DEEP_SHADOWS;FACE_DARK
vladimir-gordin.jpg,1,0.3423,0.0107,0.763,0.2656,0.5844,0.2612,0.166,0.061,0.0,0.88,1.0,DEEP_SHADOWS
vladimir-maksimenko.jpg,1,0.5602,0.306,0.9898,0.2564,0.4992,0.3229,-0.133,0.0,0.143,0.88,1.0,HIGHLIGHT_HEAVY
vladislav-feofanov.jpg,1,0.3145,0.0,0.9601,0.3524,0.3375,0.5624,0.26,0.068,0.11,0.82,1.1,HIGHLIGHT_HEAVY;DEEP_SHADOWS;FACE_DARK
yuriy-chehovich.jpg,1,0.5023,0.1553,0.9192,0.2055,0.5772,0.3296,-0.067,0.0,0.065,0.94,1.0,HIGHLIGHT_HEAVY
